path_length,collisions,reward_score,navigation_efficiency,overall_performance_score
-0.3607461749712203,-1.4375317600397683,0.8421439903003679,0.3152732856489609,90.2
-1.763913110797179,0.3205584479175514,-1.6560881030488184,0.6579744844877429,72.8
1.2098720715984677,1.4926185865557646,-0.735103234238536,-1.5104968943714463,48.87
1.259356982756629,0.906588517236658,0.8504598807636655,-1.4573191221378423,59.11
1.0806484410385309,1.4926185865557646,-0.9312196509979865,-0.7807796864992126,54.51
-1.4714596311089005,-0.8515016907206617,-0.12457827605805562,0.5870707881762707,85.47
-0.3954559704755229,-0.8515016907206617,0.7867047205450454,0.5693448640984026,87.4
0.6573296512732196,0.906588517236658,-1.997039612044047,-0.07765136474378048,61.24
1.2330901104831027,0.906588517236658,0.8608547438427887,-0.8398661000921058,63.67
-0.3480817901250561,-0.26547162140155517,-0.9104299248397411,-0.015610630471242315,73.98
-0.22331414682580633,0.906588517236658,-0.2694133682938334,-1.3125574088352534,57.22
-0.7765601440869524,-1.4375317600397683,0.5476228697252211,-0.07765136474378048,86.11
-1.214184998215523,-0.8515016907206617,1.9093499330903108,2.232627406738353,103.69
-1.3877339757370357,0.906588517236658,0.19489051590698636,1.4113262577971342,79.02
0.2145452329480635,-0.26547162140155517,-0.8037093305607468,-0.884180910286776,67.02
0.9924667984059788,0.3205584479175514,0.11311759301788632,-0.1780982678516994,71.78
0.1359791417727843,-0.26547162140155517,-1.4426469144908298,-0.7098759901877404,67.6
1.0009097216367548,-0.8515016907206617,2.054878016198031,-0.9137241170832228,80.02
-0.6142683975398082,-0.26547162140155517,1.1886394262711288,-0.21059579532779085,78.82
-1.6128785952244034,-0.8515016907206617,0.1928115432911617,2.463064419750637,100.07
0.07992751254624207,-0.26547162140155517,-1.2520744247069113,0.6609288051673875,77.91
-1.0434503284376027,1.4926185865557646,-0.026173572242359416,-0.2962710950374864,61.62
-0.032410271552142544,0.906588517236658,-1.243758534243613,-0.19877851260921214,62.69
0.894435078670854,-0.8515016907206617,1.6709610731424276,0.11142515875347836,87.73
0.5583598289568977,1.4926185865557646,-0.23476382469675733,-0.054016799306623085,62.07
-0.8616929533306132,-0.26547162140155517,0.54277193362163,0.14392268622956977,79.84
0.08227276899923534,0.906588517236658,-0.28258019486072217,-0.3435402259118009,64.31
0.0191853704137126,0.3205584479175514,-1.4419539236188883,0.17051157234637185,69.64
-1.0844923163649873,0.3205584479175514,-1.3068207035902915,-0.523753787370126,64.93
-1.6480574420193044,0.906588517236658,-1.701825500596959,0.5841164674966259,66.49
0.06304166608468952,-0.26547162140155517,-0.09824462292427762,-1.4661820841767763,65.69
-0.4665172410012233,-0.26547162140155517,0.17687275323650645,0.5486646193408898,80.91
-0.9632425577452279,-1.4375317600397683,-0.039340398809248174,1.089305303715865,94.47
1.3597339589447472,0.906588517236658,0.3501204712218869,-0.5532969941665727,64.0
0.17326871937537963,-0.26547162140155517,0.4519901293972905,-1.3214203708741876,68.91
0.22627151521303054,-0.8515016907206617,-0.638084512166723,0.33595353040647363,82.33
-0.8978099027067119,-1.4375317600397683,-0.25624654172694467,0.4304917921551029,88.27
-1.65321700621589,0.906588517236658,0.6384046739495597,1.7599360979952052,82.4
-0.3708307777190921,-1.4375317600397683,2.073588769740452,-0.30513405707642044,89.71
-0.04835801543249791,-0.8515016907206617,0.09371384860352412,-0.4912562598940346,78.31
1.6627410926714958,0.906588517236658,-1.5424376000504088,-0.8457747414513952,56.93
1.014746734709416,-0.8515016907206617,-1.0323963183014486,-1.244608033203426,69.38
0.7659150250468152,-0.26547162140155517,0.9336187853966483,-0.7837340071788572,74.24
-1.7697762519296625,-0.8515016907206617,-0.29366804881178676,4.477911123268303,109.60749999999999
-1.556123389061963,0.3205584479175514,1.0618220967058294,2.2001298792622612,91.38
-1.233885152420668,-1.4375317600397683,1.538599816601597,0.9799954385690117,97.47
1.1779765838377576,0.906588517236658,-0.13497313913717834,-0.8546377034903293,61.4
-0.1306765169325665,0.906588517236658,0.35289243470965337,0.29754736157109285,71.73
0.22744414343952754,-1.4375317600397683,-0.5403727992229687,-0.5798858802833748,79.78
1.2938322526156323,-0.26547162140155517,0.8421439903003679,-0.5503426734869281,75.53
-1.7029364430193503,0.906588517236658,-0.8688504725232497,2.6225977364514494,84.11
0.727687344863022,-1.4375317600397683,0.14638115487107964,-0.08060568542342515,85.56
-1.324646577151513,-0.8515016907206617,-0.3498003094390502,1.724484249839469,92.33
1.4535442170644837,-1.4375317600397683,1.1117174394856189,-0.5946574836815982,85.2
0.7605209352049299,-0.8515016907206617,1.2794212304954673,-0.4439871290197198,81.18
-1.289702256001911,-0.26547162140155517,0.8074944467032918,0.6313855983709408,84.33
1.4978695640260589,-1.4375317600397683,2.096457468514522,-0.39376367746576035,88.71
1.3770888566968986,1.4926185865557646,-1.606192760269029,-0.7660080831009892,51.6
-1.566677043100433,1.4926185865557646,-1.7863703869738246,0.9652238351707887,64.6
-1.2017551390146581,0.3205584479175514,-0.9970537838324313,1.0597620969194184,77.42
1.5262471671072793,-0.8515016907206617,1.468607738535503,-0.9078154757239334,78.56
1.6646172978338907,1.4926185865557646,0.630781774358203,-0.6537438972744916,59.67
1.5708070397141543,0.3205584479175514,-0.6852078914587465,-0.8487290621310399,63.27
-1.5629246327756436,-0.8515016907206617,0.4388233028304017,0.341862171765763,84.4
-1.6553277370235842,1.4926185865557646,-0.9360705871015772,1.727438570519114,73.6
0.3421271839909051,-0.8515016907206617,-0.09408667769262834,-0.46171305309758787,77.24
-0.8964027488349158,0.3205584479175514,-1.3747338090405608,0.5663905434187579,72.33
0.08790138448641975,0.906588517236658,0.4977275269454307,0.12028812079241238,70.02
1.7044866575347786,-1.4375317600397683,0.9370837397563557,-0.9284957204814461,82.49
0.08367992287103145,0.3205584479175514,0.7111687155034203,-0.4144439222232731,71.42
1.689007964945022,0.3205584479175514,-1.112090268574724,-0.5414797114479941,64.13
0.22674056650362948,-1.4375317600397683,-0.6699620922760331,-0.7778253658195678,78.16
-1.4386260407669929,-1.4375317600397683,-0.4135554696576698,2.217855803340129,101.64
-1.3598254239464143,-0.26547162140155517,1.4110894961643567,0.7525127462363724,86.93
-0.7927424136126069,0.3205584479175514,-0.019243663522944102,0.9474979110929206,78.67
-1.6623635063825646,1.4926185865557646,-0.6810499462270971,2.8825779562601808,83.09
-0.64921271868941,0.906588517236658,0.20944332421775788,-0.06583408202520179,67.8
-1.154380958664191,1.4926185865557646,-0.3033699210189681,0.028704179723427804,63.49
-1.480606131275575,-1.4375317600397683,0.9585664567865431,0.45708067827190496,91.84
-1.402978142681493,0.906588517236658,-0.4017746248346643,0.610705353613428,71.62
-0.6555449111124925,0.3205584479175514,-1.1994071184393558,0.9179547042964739,75.89
1.4019485750986282,0.906588517236658,-0.8771663629865482,-1.1648413748530198,56.33
-1.0931697652410632,0.3205584479175514,0.2932952197226826,-0.13082913697738463,72.67
0.10900869256335993,0.906588517236658,0.6585014092358642,-0.7276019142656084,64.84
1.2417675593591784,-0.26547162140155517,0.7347304051494312,-0.5385253907683494,74.2
-0.7287169124458867,-0.8515016907206617,-0.9859659298813671,0.03165850040307248,78.93
-1.494443144348236,0.3205584479175514,1.0625150875777714,1.476321312749317,86.73
1.146081096077047,0.906588517236658,0.9065921413909289,-0.7600994417416999,64.47
0.5137999563500234,1.4926185865557646,-1.578473125391368,-0.2135501160074355,56.6
0.13152315451209687,-1.4375317600397683,0.6785981445221678,-0.40558096018433903,85.04
-1.012727468903389,1.4926185865557646,-0.8432098102614135,0.5427559779816006,65.07
0.784442551025463,-0.8515016907206617,1.3854488339025202,-0.8900895516460654,78.78
0.7290944987348181,-0.26547162140155517,-0.4412751045353311,-0.7630537624213445,69.64
-1.35771469313872,0.906588517236658,-1.6443072582258127,0.1882374964242399,64.13
-1.226380331771089,-0.26547162140155517,-0.10378854989980968,0.8056905184699763,82.11
0.03888552461885701,-1.4375317600397683,1.0500412518828244,-0.3169513397949991,86.69
0.563753918798783,0.3205584479175514,-0.14328902960047643,-1.513451215051091,59.8
1.2706142137309973,0.906588517236658,-1.2971188313831101,-1.2032475436884005,55.38
-0.6482746161082128,-0.8515016907206617,-0.3906867708835997,0.41572018875687955,83.02
0.24972407974296468,-0.8515016907206617,-0.5278989635280213,0.08188195195703162,79.47
0.9549426951580844,0.906588517236658,-0.5334428905035533,-1.1914302609698217,58.02
-1.4186913609165488,-0.8515016907206617,0.4506041476534077,0.852959649344291,88.89
-1.350209872489141,0.3205584479175514,-0.3761339625728277,2.9564359732512973,93.71
0.321723452849863,0.906588517236658,-1.6914306375178363,0.28573007885251417,64.53
-0.3187660844626384,-1.4375317600397683,1.2551665499775144,-0.7098759901877404,85.16
-0.14592068387702378,-1.4375317600397683,0.753441158691853,-0.7896426485381466,81.87
0.7769377303758842,-1.4375317600397683,0.13182834656030762,-0.47057601513652186,82.69
1.2410639824232803,0.3205584479175514,-0.2867381400923715,-0.7630537624213445,65.89
-1.7444474822373341,0.3205584479175514,0.26834754833278784,2.185358275864038,90.13
0.2773981058882871,0.906588517236658,-1.0414051996366886,-0.3819463947471816,62.22
-0.28804322492842466,-0.26547162140155517,1.3965366878535852,-0.021519271830531664,81.47
1.644917143628746,0.906588517236658,-0.9471584410526418,-0.43807848766043045,61.8
0.7687293327904068,-0.8515016907206617,0.2052853789861086,-1.244608033203426,71.64
-0.9158683773947611,-0.8515016907206617,1.2801142213674093,1.5619966124590123,96.29
-1.09082450878807,1.4926185865557646,-0.23407083382481594,0.7997818771106869,68.07
-0.7643648105313868,0.3205584479175514,0.0867839398841088,-0.04219951658804438,71.8
-0.9841153401768693,1.4926185865557646,0.4630779833483546,0.33595353040647363,66.82
1.1477227755941428,-0.26547162140155517,0.2503297856623079,-0.4085352808639837,74.27
-1.1883871772325958,-0.8515016907206617,-0.5424517718387928,0.5988880708948493,83.38
1.5968393863423809,0.3205584479175514,-0.9707201306986533,-1.1766586575715985,59.67
0.8775492322093015,1.4926185865557646,-1.7059834458286083,-1.008262378831852,49.67
1.3475386253891812,1.4926185865557646,-1.3269174388765954,-1.1973389023291112,49.29
-0.4831685618174764,-1.4375317600397683,0.8996622326715141,0.3802683406011438,91.6
1.3660661513678296,1.4926185865557646,-0.44196809540727244,-1.0200796615504308,54.0
1.0689221587735638,-0.26547162140155517,0.028572706641020743,-0.884180910286776,69.76
-1.2069147032112435,-0.26547162140155517,-0.5604695345092727,0.7584213875956618,80.6
1.0797103384573337,-1.4375317600397683,0.54277193362163,-0.6123834077594661,82.84
-0.36238785448831584,1.4926185865557646,-0.7337172524946531,-0.11605753357916125,60.8
0.46666030164485534,0.3205584479175514,-0.38999378001165835,-0.6094290870798216,65.93
-0.2540370063600201,-1.4375317600397683,2.2738631317315514,-1.0703031131043903,84.67
0.5452263928201352,-1.4375317600397683,1.3078338562450704,-0.884180910286776,82.49
-0.40108458596270696,-0.26547162140155517,-0.9873519116252499,0.8115991598292656,79.8
0.14442206500356092,0.3205584479175514,-1.2458375068594378,-0.16332666445347604,66.38
1.457062101743974,-1.4375317600397683,0.5850443768100628,-0.37012911202860294,85.33
-0.5872979483303842,1.4926185865557646,-0.2098161533068626,-0.0008390270730189419,62.91
-0.49700557489013764,-1.4375317600397683,0.03550261536043606,-0.13082913697738463,84.09
-0.842930901706666,1.4926185865557646,-2.136330777304293,0.5013954884665751,60.2
-0.8555952865528306,0.906588517236658,-0.22159699812986858,0.3743596992418544,69.4
1.668838759449279,-0.26547162140155517,0.15053910010272892,-1.4986796116528676,66.29
0.2773981058882871,0.3205584479175514,0.36675225214848306,-0.7394191969841871,68.62
-0.29320278912501013,0.906588517236658,0.5240611800792092,0.601842391574494,73.33
-1.1264724068735696,0.3205584479175514,-0.8542976642124777,0.7525127462363724,75.47
1.1753968017394647,1.4926185865557646,-0.6741200375076823,-0.387855036106471,58.58
0.18452595034974778,-0.26547162140155517,-0.8182621388715188,-0.31399701911535444,72.24
1.4753551020773226,1.4926185865557646,-1.4163132613570517,-0.8753179482478419,51.44
0.7119741266279664,-1.4375317600397683,1.2842721665990584,-0.9255413998018014,82.71
0.8946696043161532,0.3205584479175514,0.8310561363493029,-0.254910605522461,72.16
-0.6539032315953969,-1.4375317600397683,1.3556502264090353,0.46298931963119433,93.38
0.9263305664315648,0.906588517236658,-0.0019188917244060578,-0.2874081329985524,65.07
0.3723809922345206,0.3205584479175514,0.5143593078720279,-0.01856495115088699,73.91
-0.39615954741142095,-0.26547162140155517,1.182402508423655,0.8411423666257123,87.6
0.5459299697560326,-1.4375317600397683,1.4436600671456084,-0.18991555057027812,88.84
-0.3321340462447007,-1.4375317600397683,1.8837092708284742,0.22959798593926536,93.73
-1.2465495372668325,0.3205584479175514,1.4388091310420181,1.322696637407794,86.07
-1.7531249311134094,-1.4375317600397683,0.27943540228385194,2.3537545546037846,104.98
-0.39780122692851616,0.3205584479175514,-0.5140391460891907,-0.033336554549110366,71.07
1.5138173079064141,-0.8515016907206617,-0.8293499928225828,-0.5473883528072834,74.49
1.6941675291416076,1.4926185865557646,-0.4100905152979624,-0.26672788824103966,60.8
0.11487183369584346,0.3205584479175514,0.45476209288505703,0.610705353613428,79.11
1.2110446998249647,-1.4375317600397683,0.273198484436378,-0.7985056105770805,80.82
0.6430235869099602,0.3205584479175514,-1.4967002025022684,-0.263773567561395,65.93
-0.7043262453347554,-0.8515016907206617,1.567705433223141,1.4733669920696721,96.8
0.7694329097263048,0.3205584479175514,0.31547092762481077,-0.3849007154268263,71.2
0.4094360441918161,-1.4375317600397683,0.795020611008344,0.013932576325204431,88.96
-0.761081451497196,1.4926185865557646,-0.00538384608411347,-0.8191858553345932,57.98
1.1599181091497082,-1.4375317600397683,0.03342364274461141,-0.5710229182444408,81.64
-0.550946473308986,-1.4375317600397683,-0.030331517474008213,-0.43512416698078576,82.62
-0.9956070967965372,-0.8515016907206617,-0.08161284199768096,0.17937453438530587,83.04
-0.23433685215487535,-0.26547162140155517,0.7853187388011627,-0.16923530581276539,78.02
-0.38959282934303935,0.906588517236658,0.35150645296576966,0.07597331059774227,69.8
-1.6274191852329625,-0.8515016907206617,0.06391524111003871,1.7510731359562715,94.76
-0.9400245188605932,-1.4375317600397683,-0.6283826399595417,0.14983132758885914,85.42
-0.26763949378738183,-0.8515016907206617,-0.11002546774728361,-0.2755908502799737,79.09
-0.5371094602363252,-0.26547162140155517,0.1401442370236057,0.9563608731318547,83.53
-1.544397106796996,-0.26547162140155517,1.5081082182361703,3.8220519323871867,109.60749999999999
-1.2041003954676517,-0.26547162140155517,1.3029829201414793,0.7850102737124636,86.89
-0.34948894399685215,1.4926185865557646,-0.14952594744795036,0.32118192700825027,64.69
1.0874496847522117,1.4926185865557646,-0.07884087850991493,-0.5621599562055067,58.93
0.33180805559773413,-0.8515016907206617,0.9162940135981102,-0.15446370241454202,82.67
1.2870310089019514,0.906588517236658,0.7375023686371978,-0.6389722938762682,64.58
-1.450586848677259,0.3205584479175514,-1.3615669824736716,1.943103980133175,81.93
-0.14240279919753354,-0.26547162140155517,1.1144894029733854,-0.7660080831009892,73.89
-1.2050384980488489,-0.8515016907206617,-0.5535396257898574,-0.39671799814540504,75.76
-0.14498258129582628,-1.4375317600397683,1.544143743577129,-0.8457747414513952,84.87
0.8161035131408739,-0.8515016907206617,1.158840818777643,-0.4883019392143899,81.71
-1.6304680186218539,-0.8515016907206617,0.016791861818015247,3.449807526751958,107.89
-1.0277371102025468,-1.4375317600397683,0.4173405858002144,-1.3539178983502789,77.64
0.12237665434542289,-0.26547162140155517,-0.3996956522188397,-0.0037933477526636166,76.22
-1.0563492389290667,0.906588517236658,-1.0420981905086302,1.706758325761601,76.49
-0.9280637109503268,1.4926185865557646,-1.546595545282058,-0.9875821340743395,50.93
-1.0722969828094218,0.906588517236658,-1.5646133079525375,0.1321054035109911,64.6
1.2389532516155863,-1.4375317600397683,1.246850659514216,-0.7069216695080957,83.93
1.060244709897488,-1.4375317600397683,1.5642404788634328,-0.7955512898974357,84.62
1.4394726783465233,0.3205584479175514,0.442981248062051,-0.8369117794124612,68.04
-0.5422690244329107,-1.4375317600397683,1.4533619393527897,0.36549673720292036,92.76
-0.37716297014217426,1.4926185865557646,0.6792911353941097,0.3802683406011438,67.71
-0.13747776064624753,-0.26547162140155517,-0.2735713135254827,0.3152732856489609,78.71
-0.9294708648221228,0.3205584479175514,-0.31445777497003224,0.693426332643479,76.78
1.0846353770086201,0.3205584479175514,0.1595479814379684,-0.8369117794124612,65.78
0.8803635399528936,0.906588517236658,-1.0691248345143494,-0.5769315596037302,59.49
0.20188084810189924,0.906588517236658,-0.13497313913717834,-1.2918771640777407,57.47
-1.118498534933392,-1.4375317600397683,0.7520551769479693,0.988858400607946,94.6
-0.726840707283492,0.3205584479175514,-1.0490280992280454,0.6225226363320068,73.29
-1.014603674065784,-0.8515016907206617,1.474844656382977,1.0213559280840372,92.73
-0.30375644316348055,-1.4375317600397683,1.251008604745865,0.28868439953215885,92.67
-1.378352949925062,0.906588517236658,-1.575701161903602,2.061276807318962,79.09
0.21689048940105743,0.3205584479175514,0.6723612266746949,-0.1219661749384506,74.18
-0.7906316828049128,0.3205584479175514,0.9301538310369409,-1.2652882779609387,66.16
-0.6921309117791897,-1.4375317600397683,-0.14952594744795036,0.35958809584363105,88.71
0.540535879914148,-1.4375317600397683,1.221902988124321,-0.7748710451399232,82.96
-0.5758061917107162,-0.26547162140155517,-0.31376478409809083,-0.5680685975647961,71.51
0.6793750619313583,0.3205584479175514,0.7569061130515604,-0.46171305309758787,71.78
0.18335332212325148,1.4926185865557646,0.19142556154727894,-0.43216984630114114,60.33
0.45071255776450064,0.906588517236658,0.011940925714424575,-0.5621599562055067,63.62
0.04521771704193946,-0.8515016907206617,1.485932510334041,0.1321054035109911,86.64
-0.07650109286841893,0.3205584479175514,-1.6595530574085262,-0.7010130281488063,62.44
-0.5305427421679436,-0.8515016907206617,0.9253028949333497,1.1218028311919561,91.71
-0.2849943915395333,-0.8515016907206617,0.5885093311697702,0.043475783121650846,83.87
1.0647006971581756,0.3205584479175514,0.06668720459780474,-1.3952783878653041,62.09
-1.6562658396047814,0.3205584479175514,0.25864567612560646,1.5265447643032761,84.42
0.7874913844143543,1.4926185865557646,-2.4253079709039076,-0.9521302859186035,49.27
0.02434493461029808,0.3205584479175514,-0.5459167261985007,-0.19877851260921214,68.78
0.12214212870012309,0.906588517236658,-0.3733619990850617,-0.35831182931002425,63.67
0.463611468255964,-0.26547162140155517,0.6605803818516889,-0.4085352808639837,74.98
-0.19071508212919788,-1.4375317600397683,0.8393720268126014,-1.1412068094158625,79.29
0.541708508140645,0.3205584479175514,1.0036108634627423,-0.33467726387286684,72.38
1.3107180990771847,0.3205584479175514,-1.440567941875005,-1.0348512649486543,60.78
-1.7505451490151167,-0.8515016907206617,-0.7399541703421266,1.3492855235245957,88.89
-1.6834708144595052,-0.26547162140155517,1.3071408653731285,2.2355817274179977,98.42
0.7105669727561704,1.4926185865557646,-0.901421043504501,0.13505972419063575,61.38
0.9875417598546925,-1.4375317600397683,2.001517719058533,-0.18991555057027812,90.6
0.7863187561878574,-0.8515016907206617,-0.5479956988143254,-0.5089821839719026,75.27
-0.7174596814715185,-0.8515016907206617,-0.5618555162531556,0.3093646442896716,81.07
-1.3455193595831545,-0.8515016907206617,-0.01785768177906084,0.8825028561407378,87.89
0.8745003988204101,0.906588517236658,-0.34425638246351764,-0.3819463947471816,64.18
1.1850123531967376,0.906588517236658,-2.056636827031018,-0.5473883528072834,57.84
-0.03147216897094537,-1.4375317600397683,0.806108464959408,-0.8369117794124612,82.04
-0.6639878343432687,-0.8515016907206617,0.8518458625075482,0.13801404487028043,85.24
-0.8879598256041396,0.906588517236658,0.8033365014716425,1.3758744096413982,80.47
0.7577066274613378,-0.8515016907206617,1.6882858449409655,-1.3421006156317001,76.22
1.3062621118164972,1.4926185865557646,-0.6373915212947816,-0.8044142519363698,55.58
1.3196300735985595,0.3205584479175514,-1.2908819135356366,-0.1219661749384506,66.44
-0.987867750501659,-0.8515016907206617,1.2205170063804383,0.4304917921551029,88.82
-0.6107505128603183,0.3205584479175514,0.016791861818015247,-1.0407599063079436,63.71
0.23963947699509353,-1.4375317600397683,2.0978434502584045,0.17051157234637185,93.02
1.2293377001583135,1.4926185865557646,-0.04488432578478023,-0.7394191969841871,57.84
-1.6928518402714785,1.4926185865557646,-0.954088349772057,1.2311126963388095,69.29
1.091202095077001,-1.4375317600397683,2.071509797124627,-0.5001192219329686,88.09
-0.7078441300142453,-0.26547162140155517,1.2794212304954673,-0.2283217194056589,78.49
1.3088418939147897,0.3205584479175514,0.6293957926143202,-0.4203525635825624,71.49
-1.1492213944676057,-1.4375317600397683,1.0008388999749758,0.12619676215170175,90.49
-0.5729918839671241,-0.26547162140155517,0.3716031882520742,0.3861769819604331,80.42
1.19134454561982,0.3205584479175514,1.4512829667369649,-0.43512416698078576,72.8
0.006051934276949436,-0.8515016907206617,1.867077489901878,0.36549673720292036,89.93
0.9622129901623633,0.3205584479175514,-1.4052254074059876,-0.7600994417416999,62.89
-1.6548586857329854,-1.4375317600397683,0.6522644913883903,0.6343399190505854,91.78
0.46806745551665146,-1.4375317600397683,-0.41216948791378705,-0.4439871290197198,81.73
0.6214472275424211,0.906588517236658,-0.001225900852464674,-0.3435402259118009,64.87
0.16740557824289612,-0.8515016907206617,-0.32208067456138895,-0.6271550111576895,74.98
-0.8220581192750246,1.4926185865557646,-0.40801154268213774,0.49253252642764106,66.38
-0.970043801458909,-1.4375317600397683,-0.29713300317149416,0.6609288051673875,90.24
0.8782528091451995,-0.26547162140155517,0.8636267073305542,-0.8014599312567251,73.93
0.24573714377287617,-1.4375317600397683,1.2322978512034444,-0.2844538123189077,86.91
1.270848739376297,0.3205584479175514,0.02094980704966404,-0.5592056355258621,67.78
1.6303765536201869,-0.8515016907206617,0.1484601274869043,-1.200293223008756,72.09
-1.7193532381903043,1.4926185865557646,-1.6269824864272748,2.9032582010176933,80.76
-0.8492630941297481,0.906588517236658,0.05421336890285736,0.46003499895154965,70.96
-1.198237254335168,0.906588517236658,-2.1065321698108077,0.28573007885251417,63.84
0.7820972945724697,0.906588517236658,-0.810639239280162,-0.6566982179541362,59.96
-1.423616399467835,1.4926185865557646,-1.320680521029122,1.5088188402254081,69.89
0.6359878175509797,-1.4375317600397683,0.1824166802120385,-0.6626068593134256,81.09
0.29569110622163575,-0.26547162140155517,-0.4773106298762899,-0.2283217194056589,72.91
-0.1541290814625006,0.906588517236658,-0.23268485208093267,-0.6123834077594661,62.16
-0.7789054005399457,0.3205584479175514,0.2122152877055244,1.0095386453654585,80.27
0.6538117665937301,-0.8515016907206617,0.7749238757220394,-0.11605753357916125,81.91
1.0996450183077775,-0.26547162140155517,-1.2125739450062445,-0.4469414496993645,69.82
1.2893762653549448,0.906588517236658,-0.9617112493634138,-0.9993994167929181,57.87
-1.4688798490106079,0.3205584479175514,-1.4114623252534615,1.0213559280840372,75.76
-0.10886563191972791,1.4926185865557646,-0.25208859649529536,0.16164861030743782,64.62
-0.22143794166341166,-0.26547162140155517,0.24963679479036602,0.28573007885251417,79.53
1.1214559033206164,-0.26547162140155517,0.33764663552694,-1.155978412814086,68.76
0.3885632617601751,0.3205584479175514,-0.5313639178877287,-0.6005661250408876,66.04
0.18827836067453715,1.4926185865557646,-1.4821473941914964,-0.7512364797027659,53.49
-0.24629766006514187,-0.26547162140155517,-0.4398891227914478,0.08779059331632097,75.78
-0.7413812972920513,0.906588517236658,0.759678076539326,-0.027427913189821015,70.31
1.633425387009078,1.4926185865557646,-2.0462419639518954,-0.5414797114479941,52.84
0.9361806435341368,-0.8515016907206617,1.6841278997093163,-0.04219951658804438,85.53
-1.455980938519144,-0.8515016907206617,1.2378417781789763,1.420189219836068,95.78
0.05272253769151856,1.4926185865557646,-1.3788917542722097,0.35958809584363105,62.16
1.2809333421241682,1.4926185865557646,-2.0933653432439185,-0.6360179731966235,51.53
-0.9714509553307051,-1.4375317600397683,0.3300237359355833,1.1099855484733774,95.33
-1.599510633442341,1.4926185865557646,-0.11487640385087428,2.303531103049825,80.11
0.2788052597600832,-0.26547162140155517,1.2205170063804383,-0.2903624536781971,78.29
1.404293831551622,0.3205584479175514,0.40763871359303305,-0.3258143018339332,71.11
-0.9531579549973564,1.4926185865557646,-1.9083367804355322,-0.10128593018093789,56.89
-1.6269501339423635,-1.4375317600397683,1.01192675392604,1.9756015076092668,103.71
-1.1987063056257667,0.906588517236658,-1.8383447023694386,0.8145534805089103,68.87
1.0895604155599057,-0.26547162140155517,-0.4814685751079392,-0.5385253907683494,70.67
-0.8251069526639159,-1.4375317600397683,0.5711845593712321,0.474806602349773,90.31
-1.7059852764082417,0.906588517236658,0.5275261344389166,0.096653555355255,70.69
0.16506032178990285,-0.8515016907206617,0.9156010227261684,-0.523753787370126,79.98
-0.3307268923729046,-0.8515016907206617,1.2004202710941339,-0.4114896015436284,82.16
0.838148923799012,0.3205584479175514,0.87055661604997,-0.8310031380531718,68.42
-0.1850864666420138,0.906588517236658,0.6023691486086008,0.24732391001713339,70.8
1.091905672012899,0.3205584479175514,-0.16962268273425443,-0.2874081329985524,69.69
1.3702876129832173,-1.4375317600397683,-0.35534423641458224,-0.2962710950374864,81.93
-1.5094527856473938,-0.26547162140155517,-0.15853482878318984,1.771753380713784,90.0
0.7387100501920917,0.3205584479175514,-1.3518651102664903,-0.606474766400177,63.27
0.1577900267856232,-0.26547162140155517,1.2905090844465323,-0.7896426485381466,74.53
1.5759666039107398,0.906588517236658,-1.4911562755267365,-0.6182920491187555,58.76
-0.24137262151385586,-0.8515016907206617,-0.3227736654333308,0.2355066272985547,82.2
-1.235995883228362,-0.26547162140155517,-0.6366985304228397,0.5338930159426665,79.47
0.9608058362905679,-0.26547162140155517,0.4741658372994197,-1.389369746506015,68.53
1.0543815687650047,-0.26547162140155517,-0.25971149608665206,-1.2209734677662685,66.58
-1.4208020917242428,0.3205584479175514,-0.8730084177548989,3.284365568691856,93.98
-1.3063535768181644,0.906588517236658,-1.0982304511358936,0.9947670419672354,72.2
0.5881445859099143,-0.8515016907206617,-0.5362148539913194,-0.42626120494185177,77.07
0.4579828527687796,0.906588517236658,0.9447066393477124,-0.8103228932956591,64.0
0.2841993496019678,-0.26547162140155517,-0.33871245548798556,-0.1780982678516994,74.16
0.9319591819187485,-0.8515016907206617,0.5268331435669747,-1.380506784467081,71.89
-0.3806808548216645,1.4926185865557646,-1.277022096096806,-0.5946574836815982,54.24
0.3254758631746523,-1.4375317600397683,1.5884951593813865,-0.1337834576570293,89.04
-1.7779846495151397,0.906588517236658,-1.409383352637637,1.355194164883885,73.18
-1.7413986488484423,-0.8515016907206617,-0.08161284199768096,2.495561947226729,100.0
1.502560076932046,-0.8515016907206617,1.855989635950814,-0.5946574836815982,82.51
-0.8769371202750705,-1.4375317600397683,1.8830162799565333,-0.3376315845525115,88.42
1.7171510423809435,-0.26547162140155517,1.2018062528380176,-0.8250944966938825,74.76
-0.36332595706951304,-1.4375317600397683,1.2766492670077019,-0.48534761853474523,85.38
-0.8239343244374193,0.3205584479175514,-0.3733619990850617,0.24141526865784405,72.78
-0.665629513860364,-1.4375317600397683,1.0216286261332213,0.619568315652362,92.82
-0.8145532986254458,-0.26547162140155517,0.16093396318185116,0.27686711681358017,80.13
-0.3150136741378487,-0.26547162140155517,-0.9118159065836243,0.9652238351707887,81.31
-0.198219902778777,-1.4375317600397683,0.5892023220417121,0.6845633706045449,92.18
1.4092188701029078,-1.4375317600397683,0.9523295389390691,-0.8132772139753038,83.38
-1.5094527856473938,0.3205584479175514,-1.2111879632623617,3.5088939403448514,94.38
-0.46581366406532526,1.4926185865557646,-1.8057741313881872,-0.1101488922198719,56.78
0.5370179952346578,-1.4375317600397683,0.1671708810293251,-1.3627808603892129,76.73
-0.4146870733900687,0.906588517236658,-0.9263687148943963,-1.0614401510654563,57.42
0.01590201137952181,0.3205584479175514,-1.7489488798889825,0.18528317574459524,68.78
1.6620375157355978,1.4926185865557646,-1.2160388993659523,-1.055531509706167,52.27
1.4488537041584963,0.906588517236658,-0.4662227759252258,-0.6832871040709383,60.47
-1.4367498356045982,-0.8515016907206617,0.08816992162799157,2.185358275864038,98.38
0.46783292987135233,0.3205584479175514,-0.3546512455426409,-0.6891957454302277,65.36
-1.6504026984722977,0.906588517236658,-1.3823567086319175,3.050974234999927,87.2
1.4842670765986974,-1.4375317600397683,2.0798256875879257,-0.5030735426126133,87.78
-0.667740244668058,-1.4375317600397683,0.1858816345717459,0.5161670918647985,90.42
0.5958839322047929,1.4926185865557646,-1.3338473475960109,-0.3080883777560651,57.07
-0.5181128829670785,1.4926185865557646,-1.8154760035953685,0.2827757581728695,60.24
-0.638190013360341,-1.4375317600397683,0.4506041476534077,0.1675572516667272,88.16
0.5979946630124869,-0.8515016907206617,-0.19942129022773986,-0.7719167244602785,73.91
0.8404941802520053,0.3205584479175514,-0.44959099499862915,-0.6389722938762682,66.76
-1.74233675142964,1.4926185865557646,-0.7531209969090159,0.3536794544843417,63.44
-1.762505956925383,0.906588517236658,-0.8328149471822908,2.8205372219876423,86.07
-0.03545910494103421,-1.4375317600397683,1.1740866179603562,-0.8339574587328166,83.47
-0.13466345290265533,-1.4375317600397683,0.7472042408443791,0.6550201638080981,93.11
-1.2681258966343716,1.4926185865557646,-2.2056298644984453,-0.35535750863037957,54.33
-1.5812176331089924,-1.4375317600397683,1.3674310712320412,0.3891313026400778,93.82
1.4605799864234634,-1.4375317600397683,1.8989550700111886,-1.0762117544636798,83.38
1.7359130940048904,1.4926185865557646,0.32032186372840193,-0.6182920491187555,59.36
0.8367417699272158,0.906588517236658,0.3265587815758749,-0.9373586825203801,62.62
-1.0103822124503956,0.3205584479175514,0.5989041942488934,-1.1028006405804818,66.02
-1.352086077651536,-0.8515016907206617,0.6287028017423784,1.3197423167281497,92.38
-1.179475202711221,-0.8515016907206617,-0.0649810610710843,-0.10719457154022723,80.51
1.061417338123985,1.4926185865557646,-0.15368389267959917,-0.6803327833912937,57.91
0.40193122354223737,-1.4375317600397683,0.6883000167293492,-0.5828402009630195,83.4
0.38434180014478675,-0.8515016907206617,-1.0760547432337648,-0.9196327584425121,71.49
-1.6815946092971104,1.4926185865557646,-1.6373773495063975,3.2105075517007395,82.49
0.4321850317858522,-0.26547162140155517,-0.951316386284291,-1.0023537374725628,65.53
-0.12434432450948435,1.4926185865557646,0.06599421372586285,0.36254241652327573,65.89
1.2673308546968067,1.4926185865557646,-1.0760547432337648,-0.39080935678611567,56.82
-0.1778161716377342,-0.26547162140155517,-0.40454658832243034,-0.015610630471242315,75.6
-1.5057003753226046,0.906588517236658,0.1436091913833136,1.6978953637226673,80.62
1.0177955680983073,1.4926185865557646,-1.801616186156538,-0.5473883528072834,53.4
0.9619784645170641,0.906588517236658,0.49634154520154794,0.008023934965915082,69.69
1.344724317645589,0.3205584479175514,0.24825081304648325,0.04643010380129552,72.89
1.3747436002439046,-0.26547162140155517,0.8740215704096774,-0.16037234377383136,78.8
0.08344539722573165,-0.8515016907206617,-0.21397409853851188,-0.06878840270484646,79.78
-0.5767442942919138,-0.8515016907206617,-0.7260943529032965,-0.3464945465914455,76.6
-0.1330217733855601,0.906588517236658,-0.7981654035852147,-0.3435402259118009,62.6
-0.7608469258518965,0.3205584479175514,-0.4114764970418452,0.17346589302601653,71.44
1.6139597584492331,-0.26547162140155517,0.19974145201057653,-0.9698562099964716,69.93
-1.0375871873051192,-0.8515016907206617,0.46446396509223836,0.27686711681358017,85.62
-0.36285690577891444,-1.4375317600397683,-0.3906867708835997,-1.0200796615504308,77.56
1.0030204524444488,-0.26547162140155517,-0.05181423450419555,-0.9078154757239334,68.87
1.0304599529444722,0.906588517236658,-0.8466747646211209,-0.4173982429029177,62.69
0.620743650606523,1.4926185865557646,-2.3421490662709252,0.010978255645559756,56.24
-0.8319081963775969,-0.8515016907206617,0.5850443768100628,1.3670114476024637,93.73
1.193220750782215,-0.8515016907206617,-0.5500746714301495,-0.36126614998966894,75.91
0.3522117867387769,-0.26547162140155517,-0.6332335760631324,-0.272636529600329,72.04
-0.6768867448347324,-0.26547162140155517,-0.3414844189757516,0.7554670669160171,81.07
1.1008176465342745,0.3205584479175514,-1.2818730322003966,-1.170750016212309,58.67
1.026473016974383,-0.26547162140155517,-0.3795989169325356,-0.7512364797027659,69.49
-1.2324779985488719,1.4926185865557646,-0.7884635313780334,1.6417632708094188,73.44
1.027176593910281,-0.26547162140155517,1.4720726928952104,-0.8723636275681973,74.93
1.1965041098164055,-1.4375317600397683,0.3937788961542024,-1.0112166995114968,79.36
-1.6996530839851596,0.906588517236658,-0.5272059726560794,1.7156212878005355,79.91
-0.33893528995838174,0.906588517236658,-2.113462078530223,-0.47648465649581123,58.18
-0.3436258028643686,-0.8515016907206617,0.6959229163207059,0.0375671417623615,83.78
-1.4107174889763714,0.906588517236658,-1.016457528246794,2.1351348243100787,80.29
-1.7177115586732088,-1.4375317600397683,1.6751190183740767,1.2192954136202308,99.73
0.7677912302092096,-0.8515016907206617,0.40763871359303305,-0.703967348828451,78.02
1.0836972744274223,-1.4375317600397683,-0.3990026613468978,-0.4528500910586538,81.11
-1.099267432018846,-1.4375317600397683,2.2031780627935156,-0.8221401760142378,86.31
0.04732844784963328,1.4926185865557646,-1.3331543567240693,-0.514890825331192,55.51
0.6223853301236183,-0.8515016907206617,1.609284885539632,-0.29922541571713107,84.56
-1.3194870129549277,1.4926185865557646,0.2045923881141677,-0.31104269843570975,62.47
1.2978191885857207,-0.26547162140155517,0.3293307450636414,-1.1057549612601265,69.42
-1.2704711530873651,1.4926185865557646,-0.4814685751079392,2.0730940900375407,78.2
0.37754055643110607,-0.26547162140155517,0.6785981445221678,-0.33467726387286684,75.8
-0.5134223700610916,0.906588517236658,0.6300887834862621,-0.0865143267827145,69.11
0.3576058765806622,-0.26547162140155517,0.33972560814276465,-0.3494488672710902,74.98
0.08743233319582082,0.906588517236658,-0.4565209037180445,-0.6566982179541362,62.24
0.5532002647603123,-1.4375317600397683,0.7915556566486366,-0.5119365046515473,83.8
0.6983716392006044,-0.26547162140155517,-0.7607438965003726,-0.7276019142656084,68.91
-1.2695330505061677,0.3205584479175514,0.0833189855244009,0.7997818771106869,78.24
1.2776499830899777,-0.26547162140155517,1.480388583358509,-0.5917031630019536,77.07
0.014729383153024836,1.4926185865557646,-0.2604044869585935,-0.033336554549110366,62.18
-1.4977265033824267,-0.8515016907206617,0.625237847382671,3.0450655936406377,106.27
-1.100674585890642,0.3205584479175514,-0.6824359279709804,0.39503994399936715,73.36
0.26660992620451723,1.4926185865557646,-0.14606099308824247,-0.4173982429029177,60.18
0.18945098890103415,-0.26547162140155517,0.8663986708183208,-0.10719457154022723,78.49
-1.4883454775704532,0.906588517236658,-0.8536046733405362,2.5339681160621095,83.31
1.3721638181456122,0.906588517236658,-0.3719760173411789,-0.7482821590231211,61.07
-0.14005754274454027,0.906588517236658,-0.33316852851245354,-0.7364648763045424,60.91
0.9929358496965771,-0.26547162140155517,1.2246749516120876,-0.3730834327082476,77.16
-1.4583261949721376,-1.4375317600397683,1.3466413450737948,2.3921607234391655,108.22
0.39606808240975383,-0.26547162140155517,0.7991785562399932,0.6136596742930728,84.76
0.19461055309761963,1.4926185865557646,-0.10448154077175106,-0.26672788824103966,60.62
-0.2688121220138785,-0.8515016907206617,1.2066571889416078,0.4895782057479964,89.29
-0.23246064699248067,0.3205584479175514,0.3979368413858517,-0.523753787370126,70.11
0.32969732479004,0.906588517236658,-0.1599208105270731,-0.3317229431932225,64.44
-1.0671374186128362,-0.26547162140155517,0.7603710674112679,0.9327263076946972,85.87
-0.9608973012922346,1.4926185865557646,-0.22228998900180996,1.5826768572165253,75.07
-0.4810578310097826,-0.8515016907206617,0.25587371263784,0.5338930159426665,86.49
0.28466840089256673,1.4926185865557646,-1.798844222668772,-0.8900895516460654,50.11
-0.8729501843049817,-1.4375317600397683,-0.15160492006377452,0.39503994399936715,87.76
-0.534295152492733,0.3205584479175514,-0.5098812008575414,-0.17218962649241007,69.84
1.3161121889190694,0.3205584479175514,0.5864303585539455,-0.8398661000921058,68.47
-0.721212091796308,-0.26547162140155517,1.4318792223226022,0.7525127462363724,87.11
-0.8804550049545607,-1.4375317600397683,2.143580847806545,1.2517929410963218,101.89
-0.9944344685700406,-0.26547162140155517,-0.5473027079423834,0.3979942646790118,78.56
-0.9200898390101494,1.4926185865557646,-0.0532002162480788,0.2798214374932248,65.44
-0.13419440161205673,1.4926185865557646,-0.9797290120338932,0.41276586807723487,64.16
-1.340359795386569,0.3205584479175514,-1.0940725059042442,0.5486646193408898,73.22
-0.3919380857960327,1.4926185865557646,-0.8265780293348168,0.33299920972682895,63.51
-1.0875411497538792,0.906588517236658,-1.1696085109458703,0.6697917672063215,69.6
1.3594994332994481,-0.26547162140155517,0.17617976236456456,-0.6891957454302277,72.56
-0.27186095540277017,-0.26547162140155517,-0.6062069320574129,-0.9284957204814461,68.51
-0.8659144149460015,-0.26547162140155517,0.3861559965628457,0.6491115224488089,83.22
-1.1203747400957866,1.4926185865557646,-1.062887916666876,1.1631633207069816,68.36
1.0520363123120113,-0.8515016907206617,1.7257073520258082,-0.8428204207717506,80.38
1.0677495305470668,-0.8515016907206617,0.3910069326664369,-0.6123834077594661,78.04
0.605968534952664,1.4926185865557646,-0.5798732789236354,-0.4912562598940346,57.36
-0.13091104257786593,1.4926185865557646,-0.2015002628435645,-0.5887488423223088,57.78
1.4087498188123095,-0.26547162140155517,-1.2056440362868293,-1.1796129782512432,64.62
-0.6046528460825353,1.4926185865557646,0.6827560897538171,-0.0865143267827145,64.13
-0.4777744719755918,-0.8515016907206617,1.0916207041993153,0.32413624768789495,86.76
-1.3968804759037101,-1.4375317600397683,1.8213400923537377,-0.6212463697984001,86.51
-0.34057696947547694,-0.8515016907206617,0.1484601274869043,0.07892763127738694,81.47
0.322427029785761,0.906588517236658,0.7465112499724372,-1.1648413748530198,61.64
-1.208556382728339,-0.26547162140155517,-0.32000170194556476,2.5044249092656625,94.0
0.6373949714227758,-0.26547162140155517,0.8144243554227066,-0.24309332280388227,78.09
-0.3591044954541251,1.4926185865557646,-1.9443723057764917,0.028704179723427804,58.2
1.4746515251414245,0.3205584479175514,0.5517808149568695,-0.9048611550442888,66.82
1.0773650820043406,-1.4375317600397683,2.2253537706956448,-0.9166784377628674,85.31
1.0114633756752256,-1.4375317600397683,1.2503156138739233,-0.5828402009630195,84.91
1.1549930705984224,-0.26547162140155517,1.2371487873070346,-0.9905364547539841,73.84
-0.9484674420913696,0.906588517236658,0.5046574356648466,-0.3199056604746438,66.62
-1.2495983706557239,-0.26547162140155517,0.21706622380911458,2.5398767574213985,95.71
0.07406437141375853,-1.4375317600397683,-0.16546473750260515,-0.89304387232571,78.56
-0.4477551893772761,-0.8515016907206617,-0.4634508124374593,0.12619676215170175,80.53
-0.26576328862498716,0.3205584479175514,-0.09547265943651159,0.17642021370566122,73.09
-0.7054988735612521,-0.26547162140155517,0.9010482144153968,0.4364004335143922,82.24
0.8264226415340449,-0.26547162140155517,-0.042805353168956076,-0.2903624536781971,73.76
-1.4986646059636242,0.3205584479175514,0.8844164334888007,1.2104324515812963,84.84
-0.17570544083004003,0.906588517236658,0.7284934873019583,0.0375671417623615,70.82
-1.3753041165361708,1.4926185865557646,0.5247541709511501,1.709712646441246,77.67
0.5982291886577861,-1.4375317600397683,-0.3608881633901143,-0.9698562099964716,77.44
-0.8431654273519654,-1.4375317600397683,0.00986195309859993,1.304970713329926,95.69
1.0124014782564228,0.3205584479175514,0.4894116364821331,-1.2652882779609387,63.47
-0.15483265839839866,0.906588517236658,0.2690405392047287,-0.04219951658804438,68.02
-1.7737631878997517,-0.8515016907206617,-0.5140391460891907,0.5486646193408898,83.51
-0.2603691987831022,-0.26547162140155517,0.06876617721362938,0.07006466923845292,77.11
1.6069239890902527,-1.4375317600397683,0.46099901073253097,-0.5385253907683494,82.93
-0.021153040577774403,-0.8515016907206617,0.7236425511983672,-0.22536739872601422,82.42
0.3876251591789772,0.3205584479175514,-1.0358612726611567,0.04643010380129552,68.56
-1.6572039421859788,1.4926185865557646,-1.0129925738870866,3.8545494598632777,88.31
-0.1541290814625006,-0.26547162140155517,-1.093379515032303,-0.47057601513652186,69.8
0.06210356350349168,-0.8515016907206617,1.2773422578796427,-0.30217973639677576,82.22
-1.0732350853906192,-0.26547162140155517,1.040339379675643,0.8027361977903316,86.44
-0.556340563150871,-1.4375317600397683,0.31547092762481077,-0.21945875736672488,84.76
0.3411890814097079,-0.8515016907206617,0.9973739456152684,-0.16332666445347604,83.02
1.28046429083357,0.3205584479175514,0.8788725065132676,-0.5001192219329686,70.6
1.2534938416241455,-0.26547162140155517,0.7215635785825425,-0.5769315596037302,74.18
0.9847274521111002,0.3205584479175514,-1.6255965046833916,-1.1264352060176392,59.44
0.928675822884558,-1.4375317600397683,0.27943540228385194,-0.9373586825203801,79.09
-0.6032456922107392,0.3205584479175514,-0.48562652033958803,0.19414613778352927,71.71
-1.7601607004723896,0.3205584479175514,-0.3990026613468978,1.157254679347692,80.2
-0.6391281159415385,-0.26547162140155517,1.2399207507948011,0.08188195195703162,80.87
0.6104245222133514,0.3205584479175514,0.8040294923435835,0.0021152936066257326,75.24
1.5145208848423122,0.906588517236658,0.4894116364821331,-0.6655611799930703,64.69
-0.46299935632173306,0.906588517236658,-1.299890794870876,0.6432028810895195,68.22
0.9776916827521204,-0.26547162140155517,0.30161111018598014,-1.2830142020388067,68.44
1.5070160641927335,0.906588517236658,-1.426708124436175,-1.0023537374725628,55.71
-0.8072830036211662,-0.26547162140155517,1.192797371502777,0.5398016573019558,84.33
-0.04296392559061297,-1.4375317600397683,1.8684634716457609,-0.2371846814445929,90.36
-0.3218149178515297,1.4926185865557646,-0.1557628652954238,-0.8782722689274867,56.82
-0.14310637613343158,-0.26547162140155517,-1.1093183050869575,-0.22536739872601422,72.27
0.3902049412772703,-0.8515016907206617,-0.6859008823306878,-0.39967231882504967,76.62
1.303916855363504,0.3205584479175514,0.013326907458307342,-0.5207994666904814,68.16
-1.0190596613264713,-0.26547162140155517,0.9918300186397364,0.350725133804697,82.18
1.3951473313849474,0.906588517236658,-0.019936654394885487,-0.506027863292258,63.33
-0.3098541099412632,-0.8515016907206617,-0.1287362212897044,-0.13969209901631865,79.31
0.06749765334537695,-1.4375317600397683,0.8137313645507648,-0.514890825331192,83.73
0.8449501675126927,1.4926185865557646,-2.352543929350048,-0.9580389272778929,49.42
-0.2824146094412406,-0.26547162140155517,-0.1363591208810611,-0.8871352309664207,68.93
-0.5610310760568579,1.4926185865557646,-2.116234042017989,-0.884180910286776,49.56
-0.6740724370911402,0.906588517236658,-0.737875197726302,0.33299920972682895,67.58
-1.6560313139594822,-0.8515016907206617,1.761742877366767,1.0390818521619052,94.11
0.07640962786675182,0.3205584479175514,-0.6949097636659278,-0.24604764348352692,68.96
1.587692886175707,-1.4375317600397683,0.7284934873019583,-0.5207994666904814,83.6
1.2506795338805534,0.906588517236658,-1.3982954986865723,-1.0525771890265223,55.04
1.6960437343040027,0.906588517236658,-1.0864496063128875,-1.099846319900837,55.78
-0.20619377471895467,-1.4375317600397683,1.8317349554328601,0.07006466923845292,92.44
-1.3030702177839737,-0.8515016907206617,-0.3449493733354595,0.5309386952630218,83.44
1.5389115519534435,1.4926185865557646,-1.766966642559462,-0.5532969941665727,53.16
1.402886677679826,-0.26547162140155517,0.8968902691837476,-1.017125340870786,71.58
1.2746011497010863,0.3205584479175514,-1.4253221426922917,-1.0378055856282988,60.36
-1.1752537410958326,1.4926185865557646,-1.8903190177650528,0.8500053286646464,63.18
-0.0802535031932083,-1.4375317600397683,0.40417375923332566,-0.11605753357916125,86.24
0.4162372879054975,-0.26547162140155517,-0.23822877905646475,-0.8398661000921058,70.02
1.0060692858333402,-1.4375317600397683,1.1740866179603562,-0.8103228932956591,82.73
0.7788139355382786,1.4926185865557646,-1.136344949092677,-0.721693272906319,55.2
0.365110697230241,0.906588517236658,-1.537586663946818,-0.43216984630114114,59.04
0.9945775292136729,0.3205584479175514,-1.0753617523618233,-1.1234808853379945,60.2
-0.38279158562935833,1.4926185865557646,-1.4558137410577185,-0.5355710700887047,53.82
0.1521614112984388,0.3205584479175514,-1.036554263533098,-1.0230339822300756,60.51
-1.134915330104346,1.4926185865557646,-0.12111332169834772,-0.5562513148462175,59.22
-1.0394633924675138,-1.4375317600397683,0.17687275323650645,1.9046978112977946,100.56
-0.8197128628220313,0.906588517236658,0.554552778444636,0.8795485354610931,76.67
1.6732947467099666,0.906588517236658,0.232312022991828,-0.8812265896071313,61.13
1.5288269492055724,0.906588517236658,-0.3414844189757516,-0.44103280834007513,64.24
-0.11637045256930667,-1.4375317600397683,0.3009181193140393,-0.20468715396850148,85.13
0.5712587394483617,-1.4375317600397683,1.7464970781840536,-0.5030735426126133,87.11
1.2211293025728365,-1.4375317600397683,0.37714711522760624,-0.14855506105525268,85.29
-1.6081880823184167,0.3205584479175514,-1.2451445159874959,0.8884114975000271,74.64
1.0618863894145834,0.3205584479175514,-0.10170957728398503,-0.9078154757239334,64.31
-1.5157849780704764,-1.4375317600397683,1.3861418247744621,1.0922596243955094,98.96
0.541708508140645,0.906588517236658,-0.7198574350558226,-0.4676216944568772,62.27
-0.3112612638130593,-0.26547162140155517,-0.6110578681610036,0.693426332643479,79.22
-0.1121489909539187,-1.4375317600397683,0.2822073657716175,0.016886897004849105,85.98
1.1472537243035439,-0.26547162140155517,-1.2638552695299172,-0.5030735426126133,69.56
-0.7746839389245578,-0.8515016907206617,0.8670916616902626,-0.5532969941665727,80.33
-1.3879685013823349,0.906588517236658,0.41941955841603906,1.5029101988661189,80.42
-1.4151734762370587,1.4926185865557646,-1.206337027158771,2.646232301888607,78.6
0.5198976231278061,-0.8515016907206617,1.521275044803059,-0.37012911202860294,83.24
0.9110863994871075,-1.4375317600397683,-0.6928307910501031,-0.89304387232571,77.47
1.3034478040729052,0.906588517236658,1.0673660236813625,-0.6448809352355576,65.69
0.38903231305077335,-0.26547162140155517,-0.062209097583318274,-0.3376315845525115,73.93
1.3278384711840363,-0.26547162140155517,-0.29158907619596214,-0.506027863292258,72.16
1.1875921352950305,1.4926185865557646,-1.6893516649020117,-0.9225870791221568,50.89
0.42890167275166174,0.906588517236658,-1.5244198373799294,0.3093646442896716,65.56
0.7272182935724238,1.4926185865557646,0.08816992162799157,-0.8605463448496186,58.02
-0.9048456720656921,1.4926185865557646,-0.29574702142761145,1.2606559031352562,71.33
-1.1140425476727045,-1.4375317600397683,1.2648684221846958,-0.8959981930053547,83.71
-1.4508213743225586,0.906588517236658,-0.6775849918673897,0.8322794045867783,71.91
1.0192027219701034,-1.4375317600397683,0.4055597409772084,-0.47057601513652186,82.62
0.19132719406342916,-1.4375317600397683,0.04035355146402673,-0.21059579532779085,84.87
0.22322268182413924,1.4926185865557646,-0.0913147142048623,-0.2874081329985524,60.62
0.9415747333760214,-0.26547162140155517,-0.1529909018076578,-0.9255413998018014,69.29
1.182901622389044,0.3205584479175514,0.888574378720449,-0.8487290621310399,68.27
-0.9297053904674223,0.906588517236658,-1.7808264599982926,0.36254241652327573,64.82
-1.6262465570064655,0.3205584479175514,0.48871864561019124,1.2606559031352562,84.09
0.5827504960680296,-0.26547162140155517,0.8740215704096774,-0.3199056604746438,77.69
-0.33987339253957893,0.906588517236658,-0.030331517474008213,-0.05697111998626776,68.18
1.15921453221381,-0.26547162140155517,1.0673660236813625,-0.3169513397949991,78.02
-0.34034244383017787,-0.8515016907206617,0.11311759301788632,0.2355066272985547,83.02
1.70753549092367,-0.8515016907206617,1.3376324637385553,-0.7010130281488063,79.8
0.7152574856621576,-0.8515016907206617,0.74789723171632,-0.7010130281488063,78.84
-0.5141259469969897,0.906588517236658,-0.24515868777588004,0.27686711681358017,69.2
-1.4179877839806507,-1.4375317600397683,1.5060292456203457,-0.26968220892068434,88.13
1.300633496329313,0.906588517236658,-1.3892866173513327,-0.20764147464814617,61.16
0.2731766442728988,1.4926185865557646,-0.7739107230672613,0.40094858535865646,64.24
-1.7350664564253602,-0.26547162140155517,-0.6228387129840096,4.070214869477339,105.69
0.6932120750040189,-0.8515016907206617,0.005704007866950642,-0.6419266145559128,77.22
0.21806311762755373,-0.26547162140155517,-0.32208067456138895,-0.0628797613455571,76.0
-1.1321010223607537,-1.4375317600397683,-0.5348288722474361,0.17051157234637185,85.47
0.9408711564401233,-0.26547162140155517,1.469300729407445,-0.6301093318373342,76.04
-1.5842664664978836,-0.8515016907206617,-0.3913797617555411,0.08188195195703162,79.89
0.2802124136318793,-1.4375317600397683,-0.31237880235420756,-0.42626120494185177,81.33
-0.545317857821802,0.906588517236658,0.029958688384904,-0.46171305309758787,65.33
-1.5758235432671075,-0.8515016907206617,1.6709610731424276,0.9593151938114993,93.13
-1.2261458061257897,-0.26547162140155517,0.3979368413858517,0.8263707632274889,83.71
-0.000749309436731607,-0.8515016907206617,0.9038201779031624,0.6461572017691641,89.29
1.6019989505389662,0.906588517236658,0.5621756780359927,-0.9196327584425121,63.13
0.20962019439677781,-0.26547162140155517,-1.0552650170755193,-0.6360179731966235,68.71
1.664148246543292,-0.26547162140155517,-0.07814788763797355,-0.6153377284391107,71.69
-0.6306851927107622,0.3205584479175514,-0.7801476409147348,0.22073502390033134,71.76
1.3864698825088717,-0.26547162140155517,0.5517808149568695,-0.7748710451399232,72.31
0.10431817965737337,-0.26547162140155517,-0.8238060658470509,0.008023934965915082,73.31
-1.1016126884718394,-0.8515016907206617,1.5302839261382986,-0.16628098513312073,84.98
-1.1161532784803987,-0.8515016907206617,0.23577697735153638,1.2311126963388095,91.38
-0.5835455380055945,0.906588517236658,-1.0330893091733906,0.44821771623297096,67.51
-0.07415583641542531,-0.8515016907206617,0.12697741045671695,0.1321054035109911,83.0
-0.4810578310097826,-0.8515016907206617,-0.2354568155686987,0.25618687205606744,82.42
-0.10018818304365218,0.3205584479175514,0.6959229163207059,0.5191214125444431,79.16
0.3967716593456519,0.906588517236658,-0.5861101967711089,-0.2844538123189077,64.69
-0.7420848742279493,-0.8515016907206617,-0.6609532109407931,-0.24013900212423758,77.33
0.4474291987303095,-0.8515016907206617,1.2877371209587658,-0.04219951658804438,85.87
-1.0706553032923265,1.4926185865557646,-0.5667064523567462,0.013932576325204431,62.58
1.2830440729318624,-0.8515016907206617,-0.33524750112827817,-0.6891957454302277,74.62
0.705407408559585,1.4926185865557646,-1.0670458618985248,-0.3435402259118009,57.98
1.4615180890046613,-0.26547162140155517,0.3314097176794661,-1.3745981431077916,66.73
0.719713472922845,-0.8515016907206617,1.8649985172860535,-0.378992074067537,83.91
1.0747852999060474,-1.4375317600397683,0.6550364548761568,-0.9964450961132735,81.02
0.14489111629415916,0.3205584479175514,-0.933991614485753,-0.17514394717205475,68.78
-0.8251069526639159,0.906588517236658,-0.8681574816513082,0.36845105788256505,67.47
-0.008957707022208418,-0.8515016907206617,0.03480962448849467,-0.39967231882504967,78.82
0.0843834998069295,1.4926185865557646,-1.2749431234809814,-0.3405859052321562,56.0
0.78186276892717,1.4926185865557646,-1.8501255471924447,-0.3435402259118009,54.87
-0.9923237377623465,1.4926185865557646,0.3217078454722847,-0.06878840270484646,64.24
1.67915788784245,-0.26547162140155517,-0.8439028011333549,-1.3184660501945429,63.73
-1.3882030270276344,-0.8515016907206617,1.6751190183740767,2.678729829364699,106.47
-0.8302665168605018,-0.26547162140155517,-0.33871245548798556,-0.281499491639263,74.0
0.5754802010637501,0.3205584479175514,0.1519250818466117,-0.6478352559152022,68.02
1.0797103384573337,1.4926185865557646,-0.8965701074009104,-1.2593796366016494,50.91
-1.5795759535918972,0.906588517236658,-0.506416246497834,1.774707701393429,80.24
1.3374540226413094,1.4926185865557646,-0.5521536440459742,-0.8398661000921058,55.33
-1.6152238516773965,0.3205584479175514,-1.1841613192566423,2.0287792798428708,83.07
-1.3605290008823123,-0.26547162140155517,0.01748485268995663,2.6432779812089624,96.82
-0.45056949712086797,-0.8515016907206617,1.2953600205501226,0.46003499895154965,89.62
-0.34761273883445715,-0.26547162140155517,-0.12319229431417236,-0.30513405707642044,74.8
0.34634864560629336,1.4926185865557646,-0.8127182118959867,-0.8428204207717506,54.64
1.7380238248125846,1.4926185865557646,-1.859134428527684,-0.9344043618407355,50.33
-1.0748767649077144,-1.4375317600397683,-0.41563444227349444,1.0981682657547986,92.62
0.49292717391838164,1.4926185865557646,-0.849446728108887,-1.0614401510654563,53.2
0.10009671804198507,-1.4375317600397683,1.6356185386734095,-1.0968919992211925,82.22
-0.2282391853770927,0.3205584479175514,-1.0414051996366886,-0.44103280834007513,64.91
-0.5605620247662593,0.3205584479175514,-1.3546370737542568,0.40390290603830115,71.6
0.018012742187215627,-1.4375317600397683,0.8906533513362737,-0.27854517095961834,86.24
-0.9735616861383992,-1.4375317600397683,0.4027877774894429,-0.6419266145559128,81.71
-1.0542385081213725,0.3205584479175514,-0.5424517718387928,1.6860780810040887,83.24
-1.474508464497792,1.4926185865557646,-1.5313497460993446,2.1351348243100787,74.84
-1.4817787595020717,-1.4375317600397683,0.4630779833483546,0.32709056836753964,89.49
1.4718372173978322,1.4926185865557646,0.08124001290857676,-0.2755908502799737,61.42
-0.28991943009081933,0.3205584479175514,0.9287678492930581,0.07006466923845292,75.87
-0.7575635668177058,0.906588517236658,-0.570171406716454,0.8056905184699763,71.31
-1.4196294634977462,-0.8515016907206617,1.1304281930280407,0.5959337502152047,89.13
-1.5472114145405877,0.3205584479175514,-0.12665724867387979,1.824931152947388,85.2
1.0625899663504814,1.4926185865557646,-0.6540233022213778,-0.36717479134895825,59.02
-1.5575305429337587,-0.26547162140155517,1.2004202710941339,2.782131053152262,101.31
-1.0441539053735007,1.4926185865557646,-1.5625343353367132,0.6845633706045449,63.78
-0.10910015756502738,-0.26547162140155517,-0.20288624458744728,-0.04810815794733374,75.8
-1.0331312000444317,0.3205584479175514,-0.392072752627483,0.5073041298258645,75.04
-0.43579438146700955,0.906588517236658,-2.1280148868409947,0.09960787603489966,62.56
1.444397716897809,-1.4375317600397683,1.891332170419831,-1.3864154258263703,80.96
0.0320842809051763,1.4926185865557646,0.6564224366200396,-0.40262663950469435,61.62
-0.8457452094502582,-1.4375317600397683,0.12767040132865834,0.7672843496345958,90.96
0.67515360031597,-1.4375317600397683,1.4713797020232695,-0.721693272906319,85.76
-0.7620195540783932,-0.26547162140155517,0.7763098574659232,0.41276586807723487,81.47
1.4059355110687173,-1.4375317600397683,1.2128941067890817,-0.4912562598940346,85.76
-1.373427911373776,1.4926185865557646,-2.308885504417732,2.5516940401399775,75.87
-0.49090790811235463,1.4926185865557646,-1.3615669824736716,-0.9344043618407355,52.73
0.576183777999648,-0.26547162140155517,-0.8307359745664661,-0.703967348828451,69.22
-1.7085650585065348,-0.8515016907206617,-0.15091192919183313,1.1779349241052053,89.31
1.1943933790087113,0.3205584479175514,-0.17308763709396185,-0.7689624037806339,66.27
0.662958266760404,0.3205584479175514,0.9731192650973146,-0.8280488173735272,69.49
0.32477228623875426,-0.26547162140155517,-0.48354754772376385,-0.6212463697984001,70.51
0.35666777399946437,0.906588517236658,-1.3560230554981394,-1.0023537374725628,55.47
-1.765085739023676,0.906588517236658,-1.667175956999883,4.105666717633075,93.09
0.3027268755806163,0.906588517236658,0.7340374142774904,-0.884180910286776,63.2
-0.633264974809055,0.3205584479175514,-0.766980814347846,0.6254769570116514,73.82
-1.5507292992200776,1.4926185865557646,-1.177231410537227,1.6683521569262205,72.2
-1.3950042707413155,0.3205584479175514,-1.2728641508651573,0.42753747147545823,71.07
-1.1668108178650562,-1.4375317600397683,0.6730542175466357,2.194221237902972,104.89
0.9441545154743145,0.3205584479175514,-1.3241454753888295,-0.9255413998018014,61.47
0.6988406904912033,-0.26547162140155517,1.5399857983454799,-0.31104269843570975,79.04
0.9737047467820312,-0.26547162140155517,-0.5549256075337402,-0.8250944966938825,69.13
-0.052579477047885875,1.4926185865557646,-1.033782300045332,0.32413624768789495,62.87
1.4629252428764574,1.4926185865557646,-1.8397306841133219,-1.0437142269875883,49.73
1.1219249546112147,-0.8515016907206617,-0.43434519581591574,-1.055531509706167,72.2
1.1212213776753168,0.906588517236658,-0.7281733255191206,-0.3524031879507349,63.09
-1.0783946495872048,-0.26547162140155517,-0.2846591674765468,-0.40262663950469435,73.58
-0.7305931176082817,1.4926185865557646,-1.191784218847999,-0.23423036076494824,57.64
0.6986061648459042,-0.8515016907206617,0.6910719802171157,-0.9078154757239334,76.11
-0.6597663727278804,1.4926185865557646,0.037581587976260704,-0.2371846814445929,61.53
-1.3377800132882762,-0.26547162140155517,0.6356327104617941,0.14392268622956977,80.22
0.5365489439440595,0.3205584479175514,0.8428369811723088,-0.8575920241699739,68.53
0.562581290572286,0.906588517236658,0.5697985776273494,-0.16628098513312073,67.82
-1.5495566709935815,0.906588517236658,-1.5826310706230173,2.2267187653790637,80.13
-1.102081739762438,-0.26547162140155517,-0.9679481672108872,0.6343399190505854,78.22
-0.6405352698133345,-0.8515016907206617,1.3424833998421466,-0.281499491639263,83.78
1.635770643462072,-0.8515016907206617,0.9377767306282976,-0.7837340071788572,78.42
-1.356307539266924,-1.4375317600397683,1.4187123957557135,2.6344150191700284,109.60749999999999
-1.484124015955065,0.906588517236658,0.06738019546974612,1.08635098303622,75.93
-0.578385973809009,-0.26547162140155517,0.0008530717633599701,-0.26672788824103966,74.96
-0.3229875460780264,-0.8515016907206617,1.9744910750528137,0.23255230661891002,88.87
-0.5556369862149729,0.906588517236658,-0.5376008357352021,-0.1928698712499228,64.31
-0.3068052765523719,-0.26547162140155517,0.3265587815758749,-0.263773567561395,76.02
1.3609065871712434,0.3205584479175514,-0.2895101035801375,-0.49716490125332397,67.2
1.6055168352184566,0.3205584479175514,-0.752428006037074,-1.480953687575,58.87
-1.7043435968911465,-0.8515016907206617,-0.35950218164623104,2.52805947470282,98.36
0.8107094232989893,-0.8515016907206617,-0.32970357415274565,-0.49716490125332397,76.24
-1.523289798720055,0.906588517236658,-0.2999049666592602,2.545785398780688,86.62
-0.42172284274904925,-0.26547162140155517,-0.6200667494962436,-0.054016799306623085,73.53
-1.2116052161172304,-0.26547162140155517,-0.011620763931587402,-0.6330636525169788,72.76
0.3794167615935004,0.906588517236658,-1.5077880564533326,-0.08946864746235918,62.38
1.0879187360428106,-0.26547162140155517,-0.1751666097097865,-1.082120395822969,67.53
0.2724730673370008,-1.4375317600397683,1.960631257613983,-0.9403130032000249,84.98
0.7635697685938213,1.4926185865557646,-0.27079935003771666,-0.5178451460108366,58.49
1.2117482767608627,1.4926185865557646,-0.251395605623354,-1.090983357861903,53.78
-0.48246498488157835,-0.8515016907206617,0.7388883503810806,0.7938732357513976,89.69
1.5337519877568582,0.906588517236658,0.4173405858002144,-1.1441611300955072,59.84
1.2715523163121951,0.906588517236658,0.6231588747668463,-1.6168524388386547,58.22
1.0482839019872219,1.4926185865557646,-1.5459025544101166,-0.6921500661098723,52.4
1.2839821755130603,0.3205584479175514,0.9045131687751042,-0.6419266145559128,69.6
-1.146641612369313,1.4926185865557646,-1.121792140781905,-0.19582419192956746,59.07
-1.3703790779848843,-0.26547162140155517,-1.022001455222326,1.494047236827185,85.09
-1.185807395134303,1.4926185865557646,-0.1481399657040671,1.8042509081898757,76.36
1.060010184252189,1.4926185865557646,-1.7323170989623857,-0.8575920241699739,51.6
-1.1297557659077604,-0.26547162140155517,0.14915311835884568,1.4467781059528704,88.53
0.6770298054783644,-1.4375317600397683,1.5233540174188838,-0.7925969692177912,84.62
1.5480580521201182,-0.26547162140155517,-1.1612926204825718,-0.31399701911535444,71.36
-0.9608973012922346,-0.8515016907206617,1.756198950391235,-0.6655611799930703,81.27
0.7361302680937987,-0.26547162140155517,1.228832896843737,-0.4203525635825624,77.11
-0.5872979483303842,0.906588517236658,0.3916999235383788,-1.226882109125558,59.38
0.05764757624280425,-0.8515016907206617,1.416633423139889,-0.31104269843570975,83.73
-0.5652525376722458,-1.4375317600397683,1.4824675559743337,-0.12787481629773995,89.11
1.5743249243936446,-0.8515016907206617,-0.47661763900434856,-0.9314500411610908,73.31
0.028331870580386588,-0.26547162140155517,-0.8251920475909341,-0.3494488672710902,70.82
0.6763262285424664,0.906588517236658,-0.901421043504501,-0.8782722689274867,58.69
-0.18344478712491827,0.3205584479175514,0.7659149943867999,-0.3169513397949991,71.51
-0.07720466980431698,1.4926185865557646,-1.9270475339779536,-0.09537728882164853,56.47
1.7312225810989037,-1.4375317600397683,1.0375674161878765,-0.695104386789517,83.09
0.2865446060549618,-0.8515016907206617,0.6626593544675136,0.17051157234637185,83.98
1.5933215016628912,-0.8515016907206617,0.24894380391842513,-1.226882109125558,73.18
-0.6468674622364167,1.4926185865557646,-0.23407083382481594,1.4083719371174892,73.6
1.2687380085686029,-0.26547162140155517,0.9356977580124729,-0.9432673238796695,72.2
0.8653538986537355,1.4926185865557646,-0.4440470680230971,-0.721693272906319,56.71
-1.7059852764082417,-0.26547162140155517,0.4506041476534077,0.5811621468169813,83.4
-0.4712077539072102,0.906588517236658,-1.159906638738689,0.3773140199214991,66.09
0.12706716725140946,0.3205584479175514,-0.35395825467069897,-0.695104386789517,65.36
0.7813937176365717,0.3205584479175514,-1.3809707268880342,-0.2519562848428163,66.13
1.5703379884235553,-0.8515016907206617,-0.8598415911880102,-1.2032475436884005,69.78
1.503263653867944,0.906588517236658,-1.756571779480339,-0.8132772139753038,55.56
-0.1358360811291523,-1.4375317600397683,0.43743732108651895,0.01984121768449378,86.82
1.3064966374617963,-0.26547162140155517,0.4935695817137824,-0.9846278133946947,70.91
-1.453166630775552,1.4926185865557646,-0.47800362074823133,1.4142805784767785,72.49
-0.3806808548216645,-1.4375317600397683,1.9107359148341936,-1.1766586575715985,83.58
-1.4548083102926475,0.906588517236658,-1.5514464813856486,2.811674259948709,83.2
1.1141856083163368,0.906588517236658,0.44921816590952496,-0.6478352559152022,64.51
-0.8816276331810574,0.906588517236658,0.6002901759927762,0.4423090748736816,72.4
-0.6696164498304528,0.3205584479175514,-0.3795989169325356,0.36254241652327573,73.67
-1.3155000769848388,0.3205584479175514,1.1435950195949294,1.4290521818750022,85.82
1.1198142238035214,-0.26547162140155517,-0.6602602200688518,-0.8044142519363698,68.53
-0.9374447367623006,0.906588517236658,-1.9180386526427136,0.42458315079581355,65.09
-1.4897526314422491,0.906588517236658,-0.5521536440459742,2.3714804786816526,83.98
-1.1926086388479837,-1.4375317600397683,1.1228052934366841,0.9770411178893674,96.42
1.2767118805087805,-1.4375317600397683,1.9128148874500182,-0.31399701911535444,89.24
0.6270758430296048,1.4926185865557646,-1.6547021213049355,0.11437947943312304,58.09
1.5851131040774138,-0.26547162140155517,-0.044191334912838845,-1.3775524637874363,67.09
1.469726486590138,1.4926185865557646,0.06738019546974612,-0.30217973639677576,60.67
1.0410136069829423,0.3205584479175514,0.1741007897487409,-0.5473883528072834,68.71
-1.2770378711557469,1.4926185865557646,0.6210799021510216,1.1513460379884028,73.18
0.6127697786663454,-1.4375317600397683,1.925288723144966,-0.9225870791221568,85.73
-0.6618771035355746,-0.8515016907206617,1.0091547904382745,-0.9698562099964716,76.27
1.1775075325471587,0.906588517236658,0.8393720268126014,0.1291510828313464,71.07
-1.2106671135360332,-0.26547162140155517,-1.1314940129890863,2.064231127998607,89.29
1.2971156116498226,-0.26547162140155517,-0.2846591674765468,-0.9284957204814461,69.0
-0.4449408816336839,-1.4375317600397683,0.5573247419324016,0.14392268622956977,88.22
-0.3987393295097137,-1.4375317600397683,0.508122390024554,0.05233874516058487,87.0
0.9300829767563541,-0.26547162140155517,0.8733285795377356,-0.8250944966938825,73.02
-0.1283312604795732,-0.26547162140155517,-0.17447361883784512,-0.6655611799930703,70.38
0.4826080455252107,0.3205584479175514,-0.8002443762010393,-0.6448809352355576,64.42
0.662958266760404,-1.4375317600397683,1.293281047934298,-0.1574180230941867,89.13
0.8472954239656866,0.906588517236658,-0.13566613000911973,-0.006747668432308291,67.78
0.21431070730276436,-0.26547162140155517,-0.2160530711543365,-0.6803327833912937,70.58
-0.3949869191849243,0.906588517236658,-0.5750223428200447,-0.5532969941665727,61.78
-0.6921309117791897,1.4926185865557646,-1.0088346286554373,-0.18991555057027812,59.24
-1.2967380253608916,-0.26547162140155517,0.1248984378408923,1.9519669421721093,91.29
-0.3311959436635035,0.3205584479175514,-0.11279743123504964,0.02574985904378313,72.87
1.234731790000198,0.906588517236658,0.5372280066460979,-0.901906834364644,62.27
-0.32275302043272724,0.906588517236658,0.08955590337187483,0.4718522816701283,70.87
-0.440250368727697,0.3205584479175514,-1.206337027158771,0.46889796099048364,71.69
0.03442953735816958,0.906588517236658,0.03411663361655329,-0.12787481629773995,66.76
0.5621122392816877,0.906588517236658,-0.44959099499862915,-0.08060568542342515,65.16
0.9441545154743145,-0.8515016907206617,-0.7863845587622087,-0.5385253907683494,75.18
0.47228891713203974,0.906588517236658,0.47693780078718523,-1.099846319900837,61.62
1.0693912100641627,0.906588517236658,0.030651679256845386,-0.6537438972744916,63.33
0.06984290979837023,0.3205584479175514,-1.2416795616277885,-1.1500697714547965,60.33
1.6214645790988118,1.4926185865557646,-1.4835333759353797,-0.9609932479575375,51.36
-1.2216898188651022,-1.4375317600397683,1.64462742000865,0.988858400607946,98.67
-1.5254005295277493,0.906588517236658,0.03688859710431932,-0.8664549862089079,61.71
-0.12551695273598099,-0.26547162140155517,1.2309118694595615,-1.117572243978705,72.93
-0.3316649949541021,1.4926185865557646,-0.5292849452719041,0.3093646442896716,63.84
-0.6302161414201636,0.3205584479175514,-1.3775057725283268,-0.8575920241699739,61.11
0.24855145151646837,-1.4375317600397683,-0.40801154268213774,-1.6818474937908374,72.38
1.0041930806709458,0.906588517236658,-0.9991327564482559,-0.7305562349452531,59.18
-0.4397813174370984,0.3205584479175514,0.03342364274461141,0.05233874516058487,72.31
-1.6386764162073306,0.906588517236658,-1.821712921442842,2.0346879212021602,77.31
0.2619194132985307,0.3205584479175514,-0.8044023214326881,-0.7748710451399232,64.44
-0.14920404291121458,0.906588517236658,-0.8348939197981154,-0.5828402009630195,61.22
-1.0582254440914614,-0.8515016907206617,1.8088662566587899,1.1188485105123118,94.56
-1.2437352295232402,-1.4375317600397683,0.6446415917970336,1.824931152947388,100.84
-1.6994185583398602,1.4926185865557646,-1.7011325097250176,1.1365744345901798,65.96
-1.2554615117882073,0.3205584479175514,-1.371268854680853,0.6904720119638342,73.8
0.06984290979837023,1.4926185865557646,-1.3601810007297888,0.45708067827190496,61.93
0.9436854641837156,0.3205584479175514,0.9564874841707184,-0.7423735176638318,70.49
0.07617510222145268,-0.26547162140155517,-1.1086253142150162,-0.263773567561395,71.62
1.2291031745130143,-0.8515016907206617,1.5559245884001351,-0.721693272906319,80.07
1.104570056859064,-1.4375317600397683,0.6460275735409163,-0.8871352309664207,80.49
1.039371927465847,1.4926185865557646,0.11242460214594494,-0.5532969941665727,59.24
-0.45760526647984845,-0.8515016907206617,0.027186724897137974,-0.16923530581276539,80.29
-0.9240767749802382,-0.8515016907206617,1.257938513465281,0.1321054035109911,86.49
-1.5352506066303213,-1.4375317600397683,0.10202973906682221,1.7806163427527182,99.22
1.3294801507011322,-1.4375317600397683,1.9301396592485562,-1.4839080082546443,80.62
0.5440537645936382,1.4926185865557646,0.022335788793547303,0.034612821082717155,63.16
0.9380568486965318,0.3205584479175514,-0.012313754803528785,-0.5503426734869281,68.44
0.717368216469851,0.906588517236658,-0.9700271398267118,-0.6005661250408876,59.76
0.01895084476841314,-0.26547162140155517,0.7395813412530224,-0.17514394717205475,77.16
-0.925483928852034,0.906588517236658,-0.38167788954835974,0.6136596742930728,72.04
-0.36473311094130917,-0.26547162140155517,0.12074049260924351,0.42458315079581355,79.76
1.5642403216457728,1.4926185865557646,-0.7558929603967819,-0.9816734927150501,53.96
0.2534764900677541,0.906588517236658,0.5961322307611269,-0.08946864746235918,69.73
0.2680170800763133,0.3205584479175514,-0.2985189849153774,-0.27854517095961834,68.73
0.20985472004207695,-0.8515016907206617,0.9731192650973146,-0.47353033581616655,80.58
-0.9737962117836984,-0.26547162140155517,0.018870834433839398,1.6683521569262205,88.47
-1.2875915251942172,-0.8515016907206617,1.1498319374424033,2.2237644446994187,101.89
1.3414409586113984,-0.8515016907206617,1.3203076919400174,-0.6478352559152022,80.6
-0.8994515822238072,0.906588517236658,0.6709752449308112,-0.5857945216426642,64.96
0.6800786388672564,-0.26547162140155517,0.654343464004215,-0.712830310867385,73.76
-1.6199143645833838,0.906588517236658,-1.931205479209603,2.2917138203312466,78.98
-0.6660985651509629,1.4926185865557646,-0.098937613796219,0.26209551341535675,65.29
1.0520363123120113,0.3205584479175514,-0.12457827605805562,-0.910769796403578,65.44
-0.4637029332576311,1.4926185865557646,-0.7600509056284307,0.9179547042964739,67.4
0.16646747566169895,-1.4375317600397683,1.1567618461618183,-0.8221401760142378,82.31
-0.8722466073690837,0.906588517236658,-0.35187928205487434,1.1867978861441388,76.07
1.6704804389663743,-0.8515016907206617,-0.2777292587571315,-1.0968919992211925,71.6
0.8857576297947782,0.3205584479175514,-1.2756361143529231,-0.1337834576570293,68.02
-0.9057837746468896,-1.4375317600397683,1.4935554099253978,0.6816090499249002,94.82
1.3862353568635726,0.906588517236658,-1.7413259802976258,-0.39671799814540504,59.96
1.0907330437864027,-1.4375317600397683,1.088155749839608,-0.7600994417416999,82.93
-0.678762949997127,-0.8515016907206617,1.5940390863569187,0.42458315079581355,89.44
1.1238011597736097,-0.8515016907206617,1.1179543573330928,-0.6123834077594661,79.42
-0.6712581293475484,-0.8515016907206617,0.3743751517398407,-0.8132772139753038,77.02
1.4945862049918683,1.4926185865557646,-0.5528466349179161,-1.2032475436884005,51.93
0.6885215620980324,-0.26547162140155517,0.56078969629211,-0.7807796864992126,73.22
0.1929688735805244,1.4926185865557646,0.39655085964196896,0.010978255645559756,64.71
1.502794602577345,-0.8515016907206617,-0.44266108627921386,-0.6832871040709383,74.24
1.4094533957482076,-0.8515016907206617,0.9925230095116773,-0.6478352559152022,79.24
-1.6565003652500812,-1.4375317600397683,1.169928672728707,1.1454373966291136,97.78
-0.9723890579119022,-0.8515016907206617,1.27595627613576,-0.04515383726768906,84.11
-0.07954992625731025,-1.4375317600397683,1.8164891562501466,0.15573996894814848,93.36
0.6456033690082527,-0.8515016907206617,0.8234332367579461,-0.6537438972744916,78.56
1.0227206066495937,-0.26547162140155517,1.147059973954637,-0.5621599562055067,76.58
-0.5145949982875883,-1.4375317600397683,-0.6477863843739043,0.29459304089144817,86.53
-0.6109850385056175,1.4926185865557646,-0.20635119894715517,1.4320065025546467,74.36
0.15849360372152124,-0.8515016907206617,1.158840818777643,-0.7335105556248978,78.84
-1.373662437019075,1.4926185865557646,-0.15437688355154103,2.064231127998607,78.78
1.1993184175599976,-0.8515016907206617,0.4977275269454307,-0.8871352309664207,76.69
-1.5952891718269526,0.906588517236658,-1.850818538064386,1.6890324016837337,74.67
-0.6813427320954198,0.3205584479175514,0.18657462544368777,0.15573996894814848,74.56
1.502794602577345,1.4926185865557646,-2.251367262046586,-0.975764851355761,49.71
0.3003816191276223,-0.26547162140155517,-0.7267873437752379,0.36845105788256505,76.82
0.7539542171365484,-1.4375317600397683,1.3986156604694089,-0.8398661000921058,84.56
0.42725999323456654,-1.4375317600397683,0.6869140349854664,-0.8989525136849994,80.58
0.42350758290977647,-0.8515016907206617,-0.16546473750260515,-0.7335105556248978,74.91
0.9131971302948015,-1.4375317600397683,1.375053970823398,-0.89304387232571,82.69
0.9586951054828737,-0.8515016907206617,1.4311862314506614,-1.0023537374725628,78.96
-0.5654870633175453,-0.26547162140155517,0.9717332833534318,-0.2933167743578417,78.24
-0.9386173649887972,-0.8515016907206617,1.8047083114271407,0.7554670669160171,91.96
0.12050044918302787,-1.4375317600397683,-0.12249930344223098,-0.36126614998966894,83.2
0.4584519040593785,-0.8515016907206617,-0.6872868640745711,-0.3435402259118009,76.56
1.5747939756842428,-1.4375317600397683,0.25864567612560646,-0.8339574587328166,79.96
1.245754495329267,-0.8515016907206617,1.129735202156099,-0.9669018893168269,77.0
-0.5131878444157921,-0.26547162140155517,1.1477529648265787,-0.2135501160074355,78.64
1.072205517807755,-0.26547162140155517,-1.0129925738870866,-0.9225870791221568,66.07
-1.1154497015445006,-0.8515016907206617,0.7326514325336067,1.8160681909084544,96.89
-0.04390202817181048,0.3205584479175514,-0.9533953589001152,-0.3258143018339332,67.31
-1.0131965201939879,-0.26547162140155517,-0.506416246497834,-0.2755908502799737,72.8
0.41928612129438886,-0.8515016907206617,0.4506041476534077,-0.8457747414513952,76.58
-0.002625514599126297,1.4926185865557646,-2.1730592935171935,-0.39080935678611567,54.29
1.7014378241458872,-0.26547162140155517,-0.16892969186231258,-1.0703031131043903,68.76
0.9450926180555116,-0.8515016907206617,1.0909277133273734,-0.9314500411610908,77.51
0.6521700870766342,1.4926185865557646,-0.5313639178877287,0.350725133804697,63.8
0.5463990210466315,-0.8515016907206617,-0.9665621854670045,-0.5651142768851515,74.49
1.5827678476244205,1.4926185865557646,0.053520378030915486,-0.5444340321276387,60.22
-1.4993681828995222,0.3205584479175514,-0.08854275071709627,0.7791016323531742,77.0
0.16107338581981365,-1.4375317600397683,1.2482366412580996,-0.5030735426126133,85.96
0.4040419543499315,-1.4375317600397683,1.5995830133324507,-0.11605753357916125,90.02
1.4207106267225758,-0.26547162140155517,1.1186473482050348,-0.6566982179541362,74.62
-1.3814017833139538,1.4926185865557646,0.053520378030915486,0.8293250839071337,70.11
0.9296139254657552,-0.26547162140155517,-0.1412100569846518,-0.9373586825203801,68.64
-0.49466031843714436,-0.8515016907206617,0.02372177053743007,-0.03924519590839971,80.47
-0.13560155548385283,0.3205584479175514,1.2156660702768471,-0.5503426734869281,71.18
1.1531168654360275,-1.4375317600397683,-0.07329695153438287,0.11437947943312304,85.4
0.7748269995681901,-0.26547162140155517,-1.1141692411905482,-0.24604764348352692,71.11
-0.09479409320176757,0.3205584479175514,-0.8210341023592848,-0.6094290870798216,65.04
-0.5422690244329107,-1.4375317600397683,1.8130242018904392,0.6461572017691641,96.33
-0.18156858196252357,0.906588517236658,-1.1723804744336364,-0.15446370241454202,62.29
1.3548089203934608,0.906588517236658,-0.8598415911880102,-0.9875821340743395,58.31
-1.212074267407829,-0.26547162140155517,1.1512179191862861,1.6831237603244442,92.33
0.15005068049074466,-1.4375317600397683,1.733330251617165,-0.1101488922198719,90.11
0.47346154535853674,0.906588517236658,-1.3116716396938821,-0.49716490125332397,59.51
-0.9702783271042085,1.4926185865557646,-1.405918398277929,1.6210830260519058,70.76
-1.4702870028824038,-0.8515016907206617,-0.012313754803528785,1.9371953387738856,95.16
0.5994018168842824,0.906588517236658,-0.9880449024971913,-0.17218962649241007,63.16
0.5281060207132828,0.906588517236658,0.21775921468105647,-0.46466737377723255,64.58
-1.660018249929571,-0.26547162140155517,1.0618220967058294,4.002265493845511,109.38
0.6106590478586512,-0.8515016907206617,-0.08022686025379819,-0.14855506105525268,80.64
-0.7854721186083273,-0.26547162140155517,-0.23268485208093267,0.4718522816701283,79.96
1.1282571470342972,-1.4375317600397683,1.1505249283143444,-0.6153377284391107,85.11
-0.7308276432535808,-0.8515016907206617,1.1151823938453274,-0.20764147464814617,82.36
-0.3708307777190921,0.906588517236658,0.5697985776273494,0.22073502390033134,71.38
-1.0045190713179122,-0.8515016907206617,1.3972296787255263,1.1927065275034283,94.18
1.6810340930048444,-0.8515016907206617,0.9717332833534318,-0.5857945216426642,79.69
-1.7435093796561363,-1.4375317600397683,1.128349220412216,4.693576532882364,109.60749999999999
-0.13771228629154697,-1.4375317600397683,1.7880765305005446,-0.3494488672710902,89.58
0.9579915285469757,-0.26547162140155517,0.5053504265367874,-0.9462216445593141,71.09
-0.3379971873771842,1.4926185865557646,0.3418045807585883,-0.15150938173489734,63.04
-0.11238351659921816,-1.4375317600397683,0.7582920947954432,-1.008262378831852,81.11
-0.4214883171037498,1.4926185865557646,-1.7870633778457659,-0.6389722938762682,52.04
0.2286167716660245,0.906588517236658,0.4512971385253496,-0.08356000610306984,68.62
-1.0169489305187773,0.906588517236658,-0.80509531230463,1.1218028311919561,73.16
-0.8900705564118337,1.4926185865557646,0.26626857571696316,1.9253780560553069,78.18
-1.2439697551685398,-0.8515016907206617,0.5587107236762853,0.7613757082753064,88.62
0.3648761715849412,0.3205584479175514,0.41872656754409715,-1.0378055856282988,66.07
0.9950465805042712,1.4926185865557646,-1.9762498858858017,-0.37012911202860294,53.67
1.344724317645589,-0.26547162140155517,-1.1003094237517181,-0.5355710700887047,69.27
0.344472440443899,-1.4375317600397683,0.859468762098906,0.03165850040307248,88.76
0.728859973089519,-0.26547162140155517,-0.6138298316487697,-0.5385253907683494,70.56
0.33509141463192527,-0.26547162140155517,0.06945916808557076,-0.11901185425880592,75.47
0.9275031946580611,1.4926185865557646,0.33418168116723157,-0.4085352808639837,60.87
-0.49512936972774296,0.906588517236658,-0.6872868640745711,0.17937453438530587,67.56
0.9336008614358438,0.3205584479175514,-0.14606099308824247,-1.1382524887362178,63.0
1.47957656369271,-1.4375317600397683,-0.028252544858184063,-0.2844538123189077,83.69
0.6613165872433089,1.4926185865557646,-0.11626238559475705,-0.5976118043612428,57.96
-1.1255343042923722,-0.8515016907206617,1.352185272049328,1.5206361229439869,97.02
0.3278211196276456,-1.4375317600397683,0.671668235802753,-0.11310321289951658,86.22
-1.7690726749937644,-1.4375317600397683,-0.1973423176119152,2.5398767574213985,104.24
1.2614677135643233,1.4926185865557646,0.20251341549834306,-1.155978412814086,55.4
0.4556375963157863,-0.26547162140155517,1.1221123025647421,-0.36422047066931357,78.07
0.15051973178134356,-0.8515016907206617,-0.4031606065785471,-0.7098759901877404,74.91
-0.3497234696421513,0.906588517236658,-0.7475770699334833,0.41276586807723487,68.91
0.31374958090968524,0.906588517236658,-1.3504791285226074,-0.43807848766043045,60.29
0.6631927924057032,1.4926185865557646,-2.4218430165442,-0.2608192468817503,54.24
-0.9006242104503042,-0.26547162140155517,-1.0698178253862909,1.189752206823784,82.33
1.7201998757698347,0.3205584479175514,0.6411766374373262,-1.147115450775152,65.87
-0.1841483640608163,0.3205584479175514,1.02994451659652,-0.25786492620210566,73.51
0.23565254102500435,-1.4375317600397683,1.5836442232777954,-0.13673777833667397,90.53
0.11956234660183068,0.3205584479175514,-1.403146434790163,0.3034560029303822,70.49
0.3289937478541419,-0.26547162140155517,0.22538211427241314,0.37140537856220973,79.4
1.0539125174744064,1.4926185865557646,-2.243744362455229,-1.1382524887362178,47.6
-0.6447567314287226,-1.4375317600397683,-0.3622741451339976,-0.7364648763045424,79.8
0.12941242370440273,-0.8515016907206617,0.3036900828018048,-0.5828402009630195,77.11
1.0454695942436296,0.906588517236658,-0.6692691014040917,-0.9166784377628674,58.0
-0.9137576465870669,-0.8515016907206617,-0.028945535730125444,0.8913658181796719,88.31
-0.17898879986423083,0.3205584479175514,0.16162695405379304,0.49548684710728574,76.91
1.2206602512822375,1.4926185865557646,-1.4772964580879058,-0.7010130281488063,53.89
1.0637625945769784,0.906588517236658,-0.8196481206154015,-0.7246475935859638,59.31
0.4755722761662302,-0.26547162140155517,0.40070880487361826,0.17937453438530587,78.62
-1.181820459164214,-0.26547162140155517,1.5372138348577133,0.9740867972097224,88.89
-1.5244624269465517,-0.8515016907206617,-0.5001793286503601,1.6801694396447993,91.84
-0.6576556419201866,-1.4375317600397683,0.4637709742202965,-0.06878840270484646,86.42
-1.4878764262798545,-0.26547162140155517,-0.2091231624349212,1.107031227793733,83.64
0.25887057990963935,-0.8515016907206617,-0.7593579147564893,0.5457102986612452,83.13
-0.3560556620652334,-0.8515016907206617,-0.9533953589001152,0.46889796099048364,82.49
1.5600188600303844,-1.4375317600397683,1.9169728326816675,-0.9698562099964716,84.22
-1.3729588600831775,0.3205584479175514,-0.740647161214068,-0.3494488672710902,68.13
-1.7357700333612582,1.4926185865557646,-1.4156202704851104,2.279896537612668,76.76
0.4802627890722174,-0.26547162140155517,1.4706867111513278,-0.23423036076494824,79.49
1.0984723900812807,-0.26547162140155517,-0.543837753582676,-0.8073685726160145,68.53
0.26567182362332004,-0.8515016907206617,1.5850302050216791,-0.5562513148462175,82.07
1.1636705194744976,0.3205584479175514,-0.7219364076716472,-0.46466737377723255,65.78
0.21431070730276436,0.906588517236658,0.501192481305139,0.013932576325204431,69.16
-0.7620195540783932,-0.26547162140155517,-0.9256757240224545,-0.7187389522266744,67.49
0.9326627588546466,-1.4375317600397683,1.0722169597849527,-1.1973389023291112,80.64
1.0337433119786628,1.4926185865557646,-2.0774265531892637,-0.7837340071788572,51.64
0.19109266841812936,-1.4375317600397683,1.323079655427784,0.7081979360417023,94.47
0.7058764598501839,-0.8515016907206617,0.4935695817137824,0.13801404487028043,83.62
-1.0068643277709053,0.3205584479175514,-1.162678602226455,1.2015694895423628,78.11
1.531641256949164,1.4926185865557646,-2.36709673766082,-0.6832871040709383,51.18
1.532344833885062,1.4926185865557646,0.03688859710431932,-1.1028006405804818,54.73
0.6861763056450391,-0.26547162140155517,0.4727798555555359,-0.9078154757239334,71.62
-1.4473034896430683,-0.26547162140155517,-0.30129094840314347,1.981510148968556,91.56
1.328072996829336,0.3205584479175514,-0.14259603872853505,-0.8723636275681973,65.76
1.734036888842496,-1.4375317600397683,1.0597431240900048,-0.9314500411610908,82.73
1.5670546293893648,0.3205584479175514,0.09371384860352412,-0.8959981930053547,66.38
1.2743666240557865,-0.26547162140155517,0.17202181713291625,-1.4070956705838829,66.76
1.1847778275514385,0.906588517236658,-1.5916399519582567,-0.5946574836815982,59.13
-0.46792439487301946,0.906588517236658,-0.5854172058991675,0.42162883011616886,68.38
0.8627741165554431,-0.8515016907206617,1.6127498398993394,-1.2239277884459132,77.09
-0.5880015252662819,0.3205584479175514,0.3293307450636414,0.7850102737124636,78.56
-1.1632929331855661,0.906588517236658,0.6106850390718994,-0.4528500910586538,67.0
-0.7139417967920283,-0.8515016907206617,0.6591944001078062,-0.254910605522461,81.31
-0.600900435757746,-0.26547162140155517,0.10895964778623753,0.7938732357513976,83.47
1.4089843444576087,0.906588517236658,-0.024094599626534773,-1.0348512649486543,59.73
-0.717225155826219,0.906588517236658,-1.9811008219893924,1.3433768821653065,72.22
-1.1449999328522174,-0.8515016907206617,0.21360126944940716,1.08635098303622,90.76
-0.6846260911296106,0.906588517236658,0.349427480349945,-0.506027863292258,65.93
